{
  "ticker": "SAMPLE",
  "test_metrics": {
    "rmse": 4.9235451142703415,
    "mae": 4.161925915590678,
    "mape": 3.9183884621929566,
    "directional_accuracy": 0.5833333333333334
  },
  "cv_avg": {
    "rmse": null,
    "mae": null,
    "directional_accuracy": null
  },
  "timestamp": "2025-10-29T12:44:56.759540"
}