{
  "ticker": "SAMPLE",
  "test_metrics": {
    "rmse": 5.220858777734369,
    "mae": 4.569702764475824,
    "accuracy": 0.5370370370370371
  },
  "baseline": {
    "naive": {
      "rmse": 1.7881436878893242,
      "mae": 1.4116979129677338
    },
    "sma5": {
      "rmse": 2.982973303297648,
      "mae": 2.407289249279344
    }
  },
  "trained_on": "20251029142103",
  "timestamp": "2025-10-29T14:21:36.981478"
}